{
  "low_q[1,8)/skew": {
    "H": 19704.990632361194,
    "p": 0.0,
    "eta2": 0.6458972464209745
  },
  "low_q[1,8)/kurt": {
    "H": 20092.474490679262,
    "p": 0.0,
    "eta2": 0.6586041349340612
  },
  "high_q[8,128)/skew": {
    "H": 16483.93739948739,
    "p": 0.0,
    "eta2": 0.5402681642122185
  },
  "high_q[8,128)/kurt": {
    "H": 16583.402063792993,
    "p": 0.0,
    "eta2": 0.5435299424081128
  },
  "full[1,128)/skew": {
    "H": 22115.91291382807,
    "p": 0.0,
    "eta2": 0.7249594318170155
  },
  "full[1,128)/kurt": {
    "H": 21680.628427394695,
    "p": 0.0,
    "eta2": 0.7106850012262969
  }
}