{
  "config": {
    "dataset": "CWRU 12k-DE 10-class",
    "seed": 2026,
    "desc_mode": "identical",
    "n_fft": 256,
    "hop": 128,
    "lifter": 3,
    "fir_sweep": [
      1,
      2,
      3,
      5,
      8,
      12
    ],
    "n_splits": 15,
    "aggregation": [
      "majority_vote",
      "mean_probability"
    ],
    "record_unit": "one 4096-sample window"
  },
  "levels": {
    "spectral_frame": {
      "clean_mean": 0.6767720008942942,
      "under_fir_mean": 0.5028422028713236
    },
    "spectral_vote": {
      "clean_mean": 0.9783650061565967,
      "under_fir_mean": 0.6746340722286698
    },
    "spectral_prob": {
      "clean_mean": 0.9865169151548021,
      "under_fir_mean": 0.6850638736314468
    },
    "cepstral_frame": {
      "clean_mean": 0.6796261372867973,
      "under_fir_mean": 0.5955220948848584
    },
    "cepstral_vote": {
      "clean_mean": 0.9376436709015401,
      "under_fir_mean": 0.8247849117398895
    },
    "cepstral_prob": {
      "clean_mean": 0.9508281645847674,
      "under_fir_mean": 0.8300266515533287
    }
  },
  "window_prob_gap": {
    "gap_mean": 0.14496277792188175,
    "frac_wins": 1.0,
    "wilcoxon_p": 3.0517578125e-05,
    "bootstrap_ci95": [
      0.1310527965961489,
      0.15994296223491022
    ],
    "passed": true
  },
  "per_split": [
    {
      "spectral": {
        "frame": {
          "clean": 0.6830803523024562,
          "under_fir": 0.5088859323128047
        },
        "vote": {
          "clean": 0.960608076980703,
          "under_fir": 0.6654884471417327
        },
        "prob": {
          "clean": 0.9730695576970595,
          "under_fir": 0.6797132458685506
        }
      },
      "cepstral": {
        "frame": {
          "clean": 0.6876872689452871,
          "under_fir": 0.605090463833869
        },
        "vote": {
          "clean": 0.931502017756255,
          "under_fir": 0.8281908622211145
        },
        "prob": {
          "clean": 0.9337147723470908,
          "under_fir": 0.8295217353518283
        }
      }
    },
    {
      "spectral": {
        "frame": {
          "clean": 0.6587575516547466,
          "under_fir": 0.5008157794517224
        },
        "vote": {
          "clean": 0.9325725385725386,
          "under_fir": 0.6511116401917642
        },
        "prob": {
          "clean": 0.9332807062218826,
          "under_fir": 0.6566711962692968
        }
      },
      "cepstral": {
        "frame": {
          "clean": 0.6689093202005528,
          "under_fir": 0.5739185554397638
        },
        "vote": {
          "clean": 0.9101207998350855,
          "under_fir": 0.7824663510433005
        },
        "prob": {
          "clean": 0.9257075333778811,
          "under_fir": 0.7921044037645093
        }
      }
    },
    {
      "spectral": {
        "frame": {
          "clean": 0.6828747336171898,
          "under_fir": 0.5100144030435545
        },
        "vote": {
          "clean": 0.9922962962962962,
          "under_fir": 0.7152679750008377
        },
        "prob": {
          "clean": 0.9961410018552875,
          "under_fir": 0.7248864530381985
        }
      },
      "cepstral": {
        "frame": {
          "clean": 0.6868749511091158,
          "under_fir": 0.6078285965677427
        },
        "vote": {
          "clean": 0.9387244838607487,
          "under_fir": 0.8380182332636208
        },
        "prob": {
          "clean": 0.9597727272727272,
          "under_fir": 0.8474200049165486
        }
      }
    },
    {
      "spectral": {
        "frame": {
          "clean": 0.6715804913638277,
          "under_fir": 0.5016851337395981
        },
        "vote": {
          "clean": 0.973312349594859,
          "under_fir": 0.6816836685052101
        },
        "prob": {
          "clean": 0.9968371633308625,
          "under_fir": 0.7061648916673209
        }
      },
      "cepstral": {
        "frame": {
          "clean": 0.674004077181841,
          "under_fir": 0.5926690573718448
        },
        "vote": {
          "clean": 0.9599865311162803,
          "under_fir": 0.8348844035482241
        },
        "prob": {
          "clean": 0.9646092335239181,
          "under_fir": 0.836298080121043
        }
      }
    },
    {
      "spectral": {
        "frame": {
          "clean": 0.6814645398090273,
          "under_fir": 0.5170208219764545
        },
        "vote": {
          "clean": 0.9847993205398655,
          "under_fir": 0.698762331038857
        },
        "prob": {
          "clean": 0.9882485875706214,
          "under_fir": 0.7125722613870523
        }
      },
      "cepstral": {
        "frame": {
          "clean": 0.6835617758148873,
          "under_fir": 0.5944953157815257
        },
        "vote": {
          "clean": 0.9469766022091605,
          "under_fir": 0.8308989200527254
        },
        "prob": {
          "clean": 0.9560500610500611,
          "under_fir": 0.8373281267691652
        }
      }
    },
    {
      "spectral": {
        "frame": {
          "clean": 0.6896973740603055,
          "under_fir": 0.530284815395783
        },
        "vote": {
          "clean": 0.9889008846903584,
          "under_fir": 0.7381175053997856
        },
        "prob": {
          "clean": 0.9858291134153203,
          "under_fir": 0.7566327554032504
        }
      },
      "cepstral": {
        "frame": {
          "clean": 0.6971242898849541,
          "under_fir": 0.6223795046402198
        },
        "vote": {
          "clean": 0.9592737139837944,
          "under_fir": 0.8631132728297728
        },
        "prob": {
          "clean": 0.9668052623074861,
          "under_fir": 0.8801053218711721
        }
      }
    },
    {
      "spectral": {
        "frame": {
          "clean": 0.6639253523172546,
          "under_fir": 0.48012119080895443
        },
        "vote": {
          "clean": 0.9879577857116961,
          "under_fir": 0.649341430377008
        },
        "prob": {
          "clean": 0.9973121131741822,
          "under_fir": 0.6478456014164257
        }
      },
      "cepstral": {
        "frame": {
          "clean": 0.6690969116561131,
          "under_fir": 0.5906435122699729
        },
        "vote": {
          "clean": 0.9417507102578242,
          "under_fir": 0.8226580397806775
        },
        "prob": {
          "clean": 0.9636725562019681,
          "under_fir": 0.8358928200571981
        }
      }
    },
    {
      "spectral": {
        "frame": {
          "clean": 0.6712250985097498,
          "under_fir": 0.4791328561338522
        },
        "vote": {
          "clean": 0.96858568284593,
          "under_fir": 0.6268325585710306
        },
        "prob": {
          "clean": 0.9757997131633098,
          "under_fir": 0.6187314606501003
        }
      },
      "cepstral": {
        "frame": {
          "clean": 0.6754149853870663,
          "under_fir": 0.5797361240895229
        },
        "vote": {
          "clean": 0.9519379070777247,
          "under_fir": 0.8187039310860272
        },
        "prob": {
          "clean": 0.9554286518435127,
          "under_fir": 0.8223524983453077
        }
      }
    },
    {
      "spectral": {
        "frame": {
          "clean": 0.6857936550009776,
          "under_fir": 0.5199983007841388
        },
        "vote": {
          "clean": 1.0,
          "under_fir": 0.7066244764878034
        },
        "prob": {
          "clean": 1.0,
          "under_fir": 0.7159664838845153
        }
      },
      "cepstral": {
        "frame": {
          "clean": 0.6866985188470842,
          "under_fir": 0.5925503223176137
        },
        "vote": {
          "clean": 0.9421505962652222,
          "under_fir": 0.8336079343048124
        },
        "prob": {
          "clean": 0.9383460732926275,
          "under_fir": 0.8304380018672796
        }
      }
    },
    {
      "spectral": {
        "frame": {
          "clean": 0.6681016063887684,
          "under_fir": 0.4965444308729424
        },