{
  "config": {
    "dataset": "CWRU 12k-DE 10-class",
    "seed": 2026,
    "n_fft": 256,
    "hop": 128,
    "lifter": 3,
    "fir_sweep": [
      1,
      2,
      3,
      5,
      8,
      12
    ],
    "n_splits": 15,
    "descriptors": [
      "skew",
      "kurt",
      "max",
      "min",
      "p05",
      "p95",
      "iqr",
      "mad_diff",
      "zcr",
      "ar1",
      "rng"
    ],
    "comparator": "cepstral l=3 (identical descriptors)"
  },
  "full_under_fir_mean": 0.5955235334998878,
  "full_under_fir_std": 0.011428051895717908,
  "drop_one_under_fir": {
    "skew": {
      "mean": 0.5610032934187479,
      "delta_vs_full": -0.03452024008114007
    },
    "kurt": {
      "mean": 0.5974213214424712,
      "delta_vs_full": 0.0018977879425832991
    },
    "max": {
      "mean": 0.5951090395404003,
      "delta_vs_full": -0.00041449395948766433
    },
    "min": {
      "mean": 0.5936601050854989,
      "delta_vs_full": -0.0018634284143888384
    },
    "p05": {
      "mean": 0.5896269184086222,
      "delta_vs_full": -0.005896615091265696
    },
    "p95": {
      "mean": 0.5845056497763664,
      "delta_vs_full": -0.011017883723521475
    },
    "iqr": {
      "mean": 0.589660993742937,
      "delta_vs_full": -0.0058625397569508275
    },
    "mad_diff": {
      "mean": 0.5856505247537827,
      "delta_vs_full": -0.009873008746105187
    },
    "zcr": {
      "mean": 0.5917040142644603,
      "delta_vs_full": -0.0038195192354275524
    },
    "ar1": {
      "mean": 0.5488505720434648,
      "delta_vs_full": -0.046672961456423016
    },
    "rng": {
      "mean": 0.5954724746340131,
      "delta_vs_full": -5.105886587482011e-05
    }
  },
  "ranked_by_importance": [
    "ar1",
    "skew",
    "p95",
    "mad_diff",
    "p05",
    "iqr",
    "zcr",
    "min",
    "max",
    "rng",
    "kurt"
  ],
  "forward_selection_under_fir": {
    "1": 0.19959282869037953,
    "2": 0.3348706577037058,
    "3": 0.43867971818008666,
    "4": 0.5067982186289137,
    "5": 0.5591170840863444,
    "6": 0.573658815479406,
    "7": 0.5830497631895893,
    "8": 0.590311814116425,
    "9": 0.5956473587849416,
    "10": 0.5973727977302181,
    "11": 0.5955220948848584
  },
  "forward_order_modal": [
    "rng",
    "ar1",
    "max",
    "skew",
    "mad_diff",
    "p95",
    "kurt",
    "zcr",
    "iqr",
    "p05",
    "min"
  ]
}