{
  "config": {
    "dataset": "DroneRF 2G",
    "seed": 2026,
    "fs": 120000000.0,
    "win": 4096,
    "n_fft": 256,
    "hop": 128,
    "prereg_lift": 3,
    "fir_sweep": [
      1,
      2,
      3,
      5,
      8,
      12
    ],
    "n_splits": 15,
    "test_size": 0.3,
    "desc_mode": "identical",
    "n_windows": 1320,
    "n_groups": 230,
    "classes": [
      "DJI_inspire_2",
      "DJI_matrice_100",
      "DJI_matrice_210",
      "DJI_mavic_mini",
      "DJI_mavic_pro",
      "DJI_phantom_4",
      "DJI_phantom_4_pro_plus",
      "Parrot_disco",
      "Parrot_mambo_control",
      "Parrot_mambo_video",
      "Yuneec_typhoon_h"
    ],
    "channel": "injected complex FIR (synthetic.make_fir_channel)",
    "equal_feature_budget": "11 identical z-norm shape descriptors -> DB-MSED"
  },
  "aggregate": {
    "spectral": {
      "clean_mean": 0.46030160085500477,
      "clean_std": 0.011791886292526296,
      "under_fir_mean": 0.22669769115818633,
      "under_fir_std": 0.016314351065248325
    },
    "cepstral": {
      "clean_mean": 0.5305305093118172,
      "clean_std": 0.011508448104786493,
      "under_fir_mean": 0.4701587844020391,
      "under_fir_std": 0.011317092867655509
    }
  },
  "verdict": {
    "pre_registered_criterion": "lifter l=3: cepstral-DBMSED mean macro-F1 under FIR (L>=3) > spectral, one-sided Wilcoxon p<0.05 AND 95% bootstrap CI on per-split gap excluding zero, over 15 leakage-safe splits (DroneRF 2G; injected complex FIR).",
    "prereg_lift": 3,
    "n_splits": 15,
    "gap_mean": 0.24346109324385273,
    "gap_std": 0.01859976663817441,
    "gap_min": 0.20120168802362454,
    "gap_max": 0.2797772413942066,
    "frac_wins": 1.0,
    "wilcoxon_p": 3.0517578125e-05,
    "bootstrap_ci95": [
      0.23353586195514972,
      0.2522245652544274
    ],
    "passed": true,
    "verdict": "PASS \u2014 the cepstral FIR-robustness advantage holds on a second modality (RF) under repeated-split + bootstrap (injected channels)"
  },
  "per_split": [
    {
      "rs": 2026,
      "spectral": {
        "clean": 0.43688077411189147,
        "under_fir": 0.21825944630994512,
        "sweep": {
          "1": 0.43688077411189147,
          "2": 0.2582857583656806,
          "3": 0.19795400142387845,
          "5": 0.22437085001184406,
          "8": 0.21755948606649256,
          "12": 0.2331534477375654
        }
      },
      "cepstral": {
        "clean": 0.5179039826706148,
        "under_fir": 0.45302366356958834,
        "sweep": {
          "1": 0.5179039826706148,
          "2": 0.4909125267442089,
          "3": 0.4694388755727958,
          "5": 0.45479669420085816,
          "8": 0.44247373708067445,
          "12": 0.4453853474240249
        }
      },
      "gap": 0.23476421725964322
    },
    {
      "rs": 2027,
      "spectral": {
        "clean": 0.4784636649989508,
        "under_fir": 0.23279259250165865,
        "sweep": {
          "1": 0.4784636649989508,
          "2": 0.27483346334830966,
          "3": 0.2392867162873465,
          "5": 0.23579235339389018,
          "8": 0.23627943103020038,
          "12": 0.21981186929519747
        }
      },
      "cepstral": {
        "clean": 0.5216284818718665,
        "under_fir": 0.4630084326964654,
        "sweep": {
          "1": 0.5216284818718665,
          "2": 0.49712126941125445,
          "3": 0.47545118459957564,
          "5": 0.45490980494077976,
          "8": 0.46714442754499824,
          "12": 0.45452831370050806
        }
      },
      "gap": 0.23021584019480676
    },
    {
      "rs": 2028,
      "spectral": {
        "clean": 0.4623030176145816,
        "under_fir": 0.2201060895079202,
        "sweep": {
          "1": 0.4623030176145816,
          "2": 0.26045134963489847,
          "3": 0.21625322612395229,
          "5": 0.22306919611303125,
          "8": 0.21669783919920207,
          "12": 0.22440409659549526
        }
      },
      "cepstral": {
        "clean": 0.5322252285075898,
        "under_fir": 0.4762040344305728,
        "sweep": {
          "1": 0.5322252285075898,
          "2": 0.5109139722766006,
          "3": 0.4973235297907586,
          "5": 0.4652495302009483,
          "8": 0.46747814573464075,
          "12": 0.47476493199594355
        }
      },
      "gap": 0.2560979449226526
    },
    {
      "rs": 2029,
      "spectral": {
        "clean": 0.4712799728436346,
        "under_fir": 0.23427911437146987,
        "sweep": {
          "1": 0.4712799728436346,
          "2": 0.28751052856231785,
          "3": 0.24842270821916657,
          "5": 0.2373771547673167,
          "8": 0.22650023776865763,
          "12": 0.2248163567307386
        }
      },
      "cepstral": {
        "clean": 0.5413365469593848,
        "under_fir": 0.4807619345269108,
        "sweep": {
          "1": 0.5413365469593848,
          "2": 0.5222882973969409,
          "3": 0.49611573484666405,
          "5": 0.4790448274091258,
          "8": 0.4692432771434637,
          "12": 0.47864389870838964
        }
      },
      "gap": 0.24648282015544093
    },
    {
      "rs": 2030,
      "spectral": {
        "clean": 0.45400933041398167,
        "under_fir": 0.2304800462594482,
        "sweep": {
          "1": 0.45400933041398167,
          "2": 0.24716317991431055,
          "3": 0.2306859360338411,
          "5": 0.23686273210190753,
          "8": 0.22464229040669598,
          "12": 0.2297292264953482
        }
      },
      "cepstral": {
        "clean": 0.5404627787667325,
        "under_fir": 0.4853859816299162,
        "sweep": {
          "1": 0.5404627787667325,
          "2": 0.521815937499738,
          "3": 0.4972894536697188,
          "5": 0.4836573193234917,
          "8": 0.4822575615104496,
          "12": 0.4783395920160046
        }
      },
      "gap": 0.254905935370468
    },
    {
      "rs": 2031,
      "spectral": {
        "clean": 0.46589330431577564,
        "under_fir": 0.23966496267961684,
        "sweep": {
          "1": 0.46589330431577564,
          "2": 0.2950207386500969,
          "3": 0.2349106141959347,
          "5": 0.2534758428565765,
          "8": 0.24186882267082188,
          "12": 0.22840457099513437
        }
      },
      "cepstral": {
        "clean": 0.5469488774075727,
        "under_fir": 0.4840356959841067,
        "sweep": {
          "1": 0.5469488774075727,
          "2": 0.5275636061440627,
          "3": 0.49826639352577706,
          "5": 0.479529876903222,
          "8": 0.4802355317626395,
          "12": 0.4781109817447881
        }
      },
      "gap": 0.24437073330448983
    },
    {
      "rs": 2032,
      "spectral": {
        "clean": 0.4679281202684828,
        "under_fir": 0.23048905685404183,
        "sweep": {
          "1": 0.4679281202684828,
          "2": 0.25407083185279195,
          "3": 0.22569947172998972,
          "5": 0.24716978946155158,
          "8": 0.23091990396604098,
          "12": 0.21816706225858506
        }
      },
      "cepstral": {
        "clean": 0.5494234191960614,
        "under_fir": 0.48400000917833164,
        "sweep": {
          "1": 0.5494234191960614,
          "2": 0.5241846210301834,
          "3": 0.5021786852132443,
          "5": 0.4772143759002145,
          "8": 0.47510031698391086,
          "12": 0.4815066586159569
        }
      },
      "gap": 0.2535109523242898
    },
    {
      "rs": 2033,
      "spectral": {
        "clean": 0.4561794404301207,
        "under_fir": 0.22364075303405553,
        "sweep": {
          "1": 0.4561794404301207,
          "2": 0.25564993034211914,
          "3": 0.22622344464560473,
          "5": 0.23534068504070793,
          "8": 0.2187883767378195,
          "12": 0.21421050571209
        }
      },
      "cepstral": {
        "clean": 0.5405052742619064,
        "under_fir": 0.4801905535118983,
        "sweep": {
          "1": 0.5405052742619064,
          "2": 0.5181243402282815,
          "3": 0.5004815640675399,
          "5": 0.4737802349083553,